iter	Logloss
0	0.2802447142
1	0.2846261072
2	0.2855735502
3	0.2855081358
4	0.2862712585
